task,metric,model,k,prompt,delta,ci_low,ci_high,n_pairs,p_value,p_adj,significant,delta_baseline,interaction
canary,canary_exact,gemma-2-2b,0,P1a,,,,0,,,False,,
canary,canary_exact,gemma-2-2b,0,P1b,,,,0,,,False,,
canary,canary_exact,gemma-2-2b,0,P4b,,,,0,,,False,,
canary,canary_exact,gemma-2-2b,0,P5a,,,,0,,,False,,
canary,canary_exact,gemma-2-2b,5,P1a,,,,0,,,False,,
canary,canary_exact,gemma-2-2b,5,P1b,,,,0,,,False,,
canary,canary_exact,gemma-2-2b,5,P4b,,,,0,,,False,,
canary,canary_exact,gemma-2-2b,5,P5a,,,,0,,,False,,
canary,canary_exact,gemma-2-9b,0,P1a,,,,0,,,False,,
canary,canary_exact,gemma-2-9b,0,P1b,,,,0,,,False,,
canary,canary_exact,gemma-2-9b,0,P4b,,,,0,,,False,,
canary,canary_exact,gemma-2-9b,0,P5a,,,,0,,,False,,
canary,canary_exact,gemma-2-9b,1,P1a,,,,0,,,False,,
canary,canary_exact,gemma-2-9b,1,P1b,,,,0,,,False,,
canary,canary_exact,gemma-2-9b,1,P4b,,,,0,,,False,,
canary,canary_exact,gemma-2-9b,1,P5a,,,,0,,,False,,
canary,canary_exact,gemma-2-9b,5,P1a,,,,0,,,False,,
canary,canary_exact,gemma-2-9b,5,P1b,,,,0,,,False,,
canary,canary_exact,gemma-2-9b,5,P4b,,,,0,,,False,,
canary,canary_exact,gemma-2-9b,5,P5a,,,,0,,,False,,
canary,canary_near,gemma-2-2b,0,P1a,,,,0,,,False,,
canary,canary_near,gemma-2-2b,0,P1b,,,,0,,,False,,
canary,canary_near,gemma-2-2b,0,P4b,,,,0,,,False,,
canary,canary_near,gemma-2-2b,0,P5a,,,,0,,,False,,
canary,canary_near,gemma-2-2b,5,P1a,,,,0,,,False,,
canary,canary_near,gemma-2-2b,5,P1b,,,,0,,,False,,
canary,canary_near,gemma-2-2b,5,P4b,,,,0,,,False,,
canary,canary_near,gemma-2-2b,5,P5a,,,,0,,,False,,
canary,canary_near,gemma-2-9b,0,P1a,,,,0,,,False,,
canary,canary_near,gemma-2-9b,0,P1b,,,,0,,,False,,
canary,canary_near,gemma-2-9b,0,P4b,,,,0,,,False,,
canary,canary_near,gemma-2-9b,0,P5a,,,,0,,,False,,
canary,canary_near,gemma-2-9b,1,P1a,,,,0,,,False,,
canary,canary_near,gemma-2-9b,1,P1b,,,,0,,,False,,
canary,canary_near,gemma-2-9b,1,P4b,,,,0,,,False,,
canary,canary_near,gemma-2-9b,1,P5a,,,,0,,,False,,
canary,canary_near,gemma-2-9b,5,P1a,,,,0,,,False,,
canary,canary_near,gemma-2-9b,5,P1b,,,,0,,,False,,
canary,canary_near,gemma-2-9b,5,P4b,,,,0,,,False,,
canary,canary_near,gemma-2-9b,5,P5a,,,,0,,,False,,
reproduction,ast_edit_distance,gemma-2-2b,0,P4b,0.0020039902740335083,-0.01102960393741081,0.015077017067281413,404,0.7647,0.913,False,-0.004346799130212977,0.006350789404246485
reproduction,ast_edit_distance,gemma-2-2b,0,P5a,0.0006744025675778263,-0.012017946697507519,0.012953119172937424,404,0.9148,0.9403728813559322,False,-0.004346799130212977,0.005021201697790803
reproduction,ast_edit_distance,gemma-2-2b,0,P1b,-0.0028683968104430183,-0.015207586961774336,0.009553947099675688,404,0.6574,0.9067500000000001,False,-0.004346799130212977,0.0014784023197699585
reproduction,ast_edit_distance,gemma-2-2b,0,P1a,-0.004346799130212977,-0.01637951051145138,0.007859627086890288,404,0.4766,0.893625,False,-0.004346799130212977,0.0
reproduction,ast_edit_distance,gemma-2-2b,5,P1a,0.007473363818584587,-0.0037831777399834504,0.018665146049174994,404,0.1975,0.6683333333333334,False,0.007473363818584587,0.0
reproduction,ast_edit_distance,gemma-2-2b,5,P1b,0.007359660698904481,-0.00621325767245459,0.020586532291452377,404,0.2814,0.7144615384615385,False,0.007473363818584587,-0.00011370311968010582
reproduction,ast_edit_distance,gemma-2-2b,5,P5a,0.00414959794779623,-0.006687440121289304,0.01533279164395826,404,0.4691,0.893625,False,0.007473363818584587,-0.0033237658707883566
reproduction,ast_edit_distance,gemma-2-2b,5,P4b,-0.0028134486398188954,-0.014111113733936035,0.008389279496010009,404,0.6307,0.9067500000000001,False,0.007473363818584587,-0.010286812458403481
reproduction,ast_edit_distance,gemma-2-9b,0,P4b,0.012706431477218864,-0.0019590349393274805,0.027102803221694283,404,0.0889,0.5385000000000001,False,0.0018800205291843342,0.01082641094803453
reproduction,ast_edit_distance,gemma-2-9b,0,P5a,0.006899292693256157,-0.0057396222326303835,0.01975316745271824,404,0.2986,0.7144615384615385,False,0.0018800205291843342,0.005019272164071823
reproduction,ast_edit_distance,gemma-2-9b,0,P1a,0.0018800205291843342,-0.010686576723104567,0.01426920113936927,404,0.7627,0.913,False,0.0018800205291843342,0.0
reproduction,ast_edit_distance,gemma-2-9b,0,P1b,-0.0050428584122765895,-0.018275097736851126,0.008170505208330273,404,0.4518,0.893625,False,0.0018800205291843342,-0.0069228789414609235
reproduction,ast_edit_distance,gemma-2-9b,1,P1a,0.0015298936676308471,-0.010129567683336478,0.013048715969009436,404,0.7968,0.913,False,0.0015298936676308471,0.0
reproduction,ast_edit_distance,gemma-2-9b,1,P5a,0.0006874305137510757,-0.01211942488929217,0.013742483790270967,404,0.9149,0.9403728813559322,False,0.0015298936676308471,-0.0008424631538797714
reproduction,ast_edit_distance,gemma-2-9b,1,P4b,-0.0026227780640547932,-0.01688043133979235,0.011765300127707037,404,0.7254,0.9067500000000001,False,0.0015298936676308471,-0.00415267173168564
reproduction,ast_edit_distance,gemma-2-9b,1,P1b,-0.00664128856912435,-0.018706320333001996,0.005333354969018165,404,0.2876,0.7144615384615385,False,0.0015298936676308471,-0.008171182236755196
reproduction,ast_edit_distance,gemma-2-9b,5,P5a,-0.0013209710995988847,-0.012738601915340446,0.010117576823336928,404,0.8217,0.913,False,-0.002817836277731334,0.0014968651781324491
reproduction,ast_edit_distance,gemma-2-9b,5,P1a,-0.002817836277731334,-0.013500111049343445,0.007939699034137153,404,0.6094,0.9067500000000001,False,-0.002817836277731334,0.0
reproduction,ast_edit_distance,gemma-2-9b,5,P1b,-0.008458220218475464,-0.021212701649343205,0.004507075986270198,404,0.1981,0.6683333333333334,False,-0.002817836277731334,-0.005640383940744131
reproduction,ast_edit_distance,gemma-2-9b,5,P4b,-0.011410964390605056,-0.025399705992652833,0.002198029705214117,404,0.1054,0.5385000000000001,False,-0.002817836277731334,-0.008593128112873723
reproduction,dataflow_sim,gemma-2-2b,0,P4b,0.014599590947866852,-0.0028446487409348694,0.03289800561365044,404,0.1077,0.5385000000000001,False,0.01079221454775631,0.0038073764001105414
reproduction,dataflow_sim,gemma-2-2b,0,P5a,0.012310849559570307,-0.0051195783363109,0.030269431141296016,404,0.1673,0.6683333333333334,False,0.01079221454775631,0.0015186350118139968
reproduction,dataflow_sim,gemma-2-2b,0,P1a,0.01079221454775631,-0.0068706020858820115,0.02888205221531765,404,0.2362,0.7085999999999999,False,0.01079221454775631,0.0
reproduction,dataflow_sim,gemma-2-2b,0,P1b,0.0028540343572820773,-0.010279161348191297,0.01686560287676122,404,0.6746,0.9067500000000001,False,0.01079221454775631,-0.007938180190474233
reproduction,dataflow_sim,gemma-2-2b,5,P4b,0.01642982038632584,0.0019067254672956123,0.0317118371146819,404,0.0314,0.44040000000000007,False,0.009829886359621117,0.0065999340267047235
reproduction,dataflow_sim,gemma-2-2b,5,P1b,0.0162945264840313,0.0037156360434170642,0.02889449928145237,404,0.0096,0.288,False,0.009829886359621117,0.006464640124410184
reproduction,dataflow_sim,gemma-2-2b,5,P5a,0.01561913043829629,0.005063035178812901,0.027044379759613373,404,0.0058,0.288,False,0.009829886359621117,0.005789244078675173
reproduction,dataflow_sim,gemma-2-2b,5,P1a,0.009829886359621117,-0.0006231270902255609,0.021547025539483698,404,0.0781,0.5385000000000001,False,0.009829886359621117,0.0
reproduction,dataflow_sim,gemma-2-9b,0,P4b,0.016712855483816364,0.0006438712025215784,0.0332258249711884,404,0.0444,0.444,False,0.007044184758360804,0.009668670725455561
reproduction,dataflow_sim,gemma-2-9b,0,P5a,0.008358969099341376,-0.004436629538807727,0.02134163309565935,404,0.2005,0.6683333333333334,False,0.007044184758360804,0.0013147843409805722
reproduction,dataflow_sim,gemma-2-9b,0,P1a,0.007044184758360804,-0.008093955694503229,0.021728797699597624,404,0.3446,0.7657777777777779,False,0.007044184758360804,0.0
reproduction,dataflow_sim,gemma-2-9b,0,P1b,0.0007609267614438465,-0.01427523109276004,0.015972648960315437,404,0.9247,0.9403728813559322,False,0.007044184758360804,-0.006283257996916957
reproduction,dataflow_sim,gemma-2-9b,1,P4b,0.00980304523572151,-0.003394969679843893,0.023753511677553032,404,0.1596,0.6683333333333334,False,0.006180194277780582,0.0036228509579409275
reproduction,dataflow_sim,gemma-2-9b,1,P1a,0.006180194277780582,-0.007630669965897027,0.01980073652836226,404,0.3596,0.7705714285714285,False,0.006180194277780582,0.0
reproduction,dataflow_sim,gemma-2-9b,1,P5a,0.0038488581571243475,-0.008841943998242011,0.017044125844552664,404,0.5556,0.9067500000000001,False,0.006180194277780582,-0.002331336120656235
reproduction,dataflow_sim,gemma-2-9b,1,P1b,0.0005901871653367079,-0.010421911789963637,0.01232041899034306,404,0.9194,0.9403728813559322,False,0.006180194277780582,-0.005590007112443875
reproduction,dataflow_sim,gemma-2-9b,5,P5a,0.010069974947342497,-0.00026135156614200697,0.021558930795462325,404,0.0702,0.5385000000000001,False,0.002395100343114759,0.007674874604227737
reproduction,dataflow_sim,gemma-2-9b,5,P4b,0.003837088784510106,-0.01062574802186416,0.0182397192334818,404,0.5989,0.9067500000000001,False,0.002395100343114759,0.0014419884413953469
reproduction,dataflow_sim,gemma-2-9b,5,P1a,0.002395100343114759,-0.010431925455381406,0.014594011316797018,404,0.7042,0.9067500000000001,False,0.002395100343114759,0.0
reproduction,dataflow_sim,gemma-2-9b,5,P1b,-0.00017285245698974336,-0.011588964534972874,0.011803255038357116,404,0.9772,0.9772,False,0.002395100343114759,-0.0025679528001045023
reproduction,lexical_f1,gemma-2-2b,0,P5a,0.0035305504112768463,-0.010942851098782779,0.017715533577951977,404,0.6332,0.9067500000000001,False,-0.007288352913565648,0.010818903324842494
reproduction,lexical_f1,gemma-2-2b,0,P4b,0.0017243017422517478,-0.01205149508135081,0.015404917937271837,404,0.8086,0.913,False,-0.007288352913565648,0.009012654655817395
reproduction,lexical_f1,gemma-2-2b,0,P1b,-0.0044735179659650065,-0.018668712682795463,0.009957505147596437,404,0.5403,0.9067500000000001,False,-0.007288352913565648,0.0028148349476006416
reproduction,lexical_f1,gemma-2-2b,0,P1a,-0.007288352913565648,-0.02004559161880641,0.005719249262036012,404,0.2589,0.7144615384615385,False,-0.007288352913565648,0.0
reproduction,lexical_f1,gemma-2-2b,5,P1b,0.011626912337869024,-0.004648753026174061,0.027794691786775596,404,0.1623,0.6683333333333334,False,0.0017687934029334675,0.009858118934935557
reproduction,lexical_f1,gemma-2-2b,5,P1a,0.0017687934029334675,-0.0112416090993053,0.014595312052070994,404,0.7814,0.913,False,0.0017687934029334675,0.0
reproduction,lexical_f1,gemma-2-2b,5,P5a,0.0010425158410999138,-0.01216341793113368,0.014568554508318805,404,0.8813,0.9403728813559322,False,0.0017687934029334675,-0.0007262775618335536
reproduction,lexical_f1,gemma-2-2b,5,P4b,-0.003098697497565111,-0.016115260666817257,0.01019171094944025,404,0.6511,0.9067500000000001,False,0.0017687934029334675,-0.004867490900498579
reproduction,lexical_f1,gemma-2-9b,0,P4b,0.00850294237726731,-0.007989750692684424,0.024859028745579277,404,0.3096,0.7144615384615385,False,-0.0029777485238473385,0.01148069090111465
reproduction,lexical_f1,gemma-2-9b,0,P5a,0.005062003004024394,-0.011506420109382862,0.02145784262613891,404,0.5416,0.9067500000000001,False,-0.0029777485238473385,0.008039751527871734
reproduction,lexical_f1,gemma-2-9b,0,P1a,-0.0029777485238473385,-0.016739148713290738,0.010848794458613132,404,0.6691,0.9067500000000001,False,-0.0029777485238473385,0.0
reproduction,lexical_f1,gemma-2-9b,0,P1b,-0.009519288492071487,-0.024450271550270256,0.005708403184049842,404,0.2177,0.6874736842105263,False,-0.0029777485238473385,-0.006541539968224148
reproduction,lexical_f1,gemma-2-9b,1,P5a,-0.003082756363820055,-0.01866829012710385,0.0127000727717885,404,0.696,0.9067500000000001,False,-0.004358683573770965,0.00127592720995091
reproduction,lexical_f1,gemma-2-9b,1,P1a,-0.004358683573770965,-0.01797315811613882,0.00912573227255578,404,0.5277,0.9067500000000001,False,-0.004358683573770965,0.0
reproduction,lexical_f1,gemma-2-9b,1,P4b,-0.008967126123366965,-0.02500308863063759,0.007154694079639965,404,0.2805,0.7144615384615385,False,-0.004358683573770965,-0.004608442549596
reproduction,lexical_f1,gemma-2-9b,1,P1b,-0.011738365354732924,-0.026025310893036387,0.002525200343250605,404,0.1048,0.5385000000000001,False,-0.004358683573770965,-0.007379681780961959
reproduction,lexical_f1,gemma-2-9b,5,P5a,-0.0028376807665620126,-0.0174430602523038,0.012325156057422617,404,0.7112,0.9067500000000001,False,-0.004994622186317576,0.002156941419755563
reproduction,lexical_f1,gemma-2-9b,5,P1a,-0.004994622186317576,-0.018387569737154576,0.008339919782446203,404,0.4606,0.893625,False,-0.004994622186317576,0.0
reproduction,lexical_f1,gemma-2-9b,5,P1b,-0.01707276819165426,-0.03320405503205094,-0.0011624135907409227,404,0.0367,0.44040000000000007,False,-0.004994622186317576,-0.012078146005336684
reproduction,lexical_f1,gemma-2-9b,5,P4b,-0.017830809773378958,-0.03349264983995385,-0.0022334199649489133,404,0.0264,0.44040000000000007,False,-0.004994622186317576,-0.012836187587061381
reproduction,test_pass,gemma-2-2b,0,P1a,,,,0,,,False,,
reproduction,test_pass,gemma-2-2b,0,P1b,,,,0,,,False,,
reproduction,test_pass,gemma-2-2b,0,P4b,,,,0,,,False,,
reproduction,test_pass,gemma-2-2b,0,P5a,,,,0,,,False,,
reproduction,test_pass,gemma-2-2b,5,P1a,,,,0,,,False,,
reproduction,test_pass,gemma-2-2b,5,P1b,,,,0,,,False,,
reproduction,test_pass,gemma-2-2b,5,P4b,,,,0,,,False,,
reproduction,test_pass,gemma-2-2b,5,P5a,,,,0,,,False,,
reproduction,test_pass,gemma-2-9b,0,P1a,,,,0,,,False,,
reproduction,test_pass,gemma-2-9b,0,P1b,,,,0,,,False,,
reproduction,test_pass,gemma-2-9b,0,P4b,,,,0,,,False,,
reproduction,test_pass,gemma-2-9b,0,P5a,,,,0,,,False,,
reproduction,test_pass,gemma-2-9b,1,P1a,,,,0,,,False,,
reproduction,test_pass,gemma-2-9b,1,P1b,,,,0,,,False,,
reproduction,test_pass,gemma-2-9b,1,P4b,,,,0,,,False,,
reproduction,test_pass,gemma-2-9b,1,P5a,,,,0,,,False,,
reproduction,test_pass,gemma-2-9b,5,P1a,,,,0,,,False,,
reproduction,test_pass,gemma-2-9b,5,P1b,,,,0,,,False,,
reproduction,test_pass,gemma-2-9b,5,P4b,,,,0,,,False,,
reproduction,test_pass,gemma-2-9b,5,P5a,,,,0,,,False,,
